newstitle,newscomname
'빌 게이츠 27년 만에 맞은 파경은 中 출신 미모의 통역사와 불륜 탓' 웨이보서 루머로 시끌,세계일보
故손정민씨 업고 가는 친구? CCTV 보고 의혹 제기한 누리꾼,머니투데이
목격자 6명의 '일관된 진술' 있다는데..단서 나왔나?,MBC
"""동료가 300kg 철판에 깔렸는데..직원들은 119보다 회사에 먼저 전화했다""",경향신문
"[단독] 북한군 김명국 ""5·18 광주침투설은 내가 지어낸 것""",JTBC
[영상] 뒤통수 날리고 뺨 후려친 벨기에 대사 부인 한달 만에 경찰 조사 [이슈픽],서울신문
믿었던 '유명 프랜차이즈'..유통기한 지나고 원산지도 거짓,JTBC
"""게이츠 부부 파경에 미모의 30대 통역사 여성 있다""..中서 난리통",뉴스1
"크래프톤 장병규 의장, 전 직원에 1천억원 상당 주식 증여",연합뉴스
'아동학대 의혹' 어린이집 원장 차량서 숨진 채 발견,뉴스1
"경찰, 한강 실종 대학생 폰 포렌식 완료..함께 술마신 친구 동선도 상당량 확보",세계일보
"""코인 300% 수익""..5만 명 낚은 '초대형 다단계 사기'",SBS
[특파원 리포트] 노동절 연휴 중국 본토 코로나 확진자 '0명'..'종식' 선언 할까?,KBS
광주 한 고교 집단감염..학사 차질 불가피,KBS
"""친구가 신발 버린 경위 조사""..목격자·CCTV·블랙박스 분석",KBS
300kg 쇳덩이에 깔려..눈 감지 못한 청년 노동자,MBC
사업비 '23조'..경부고속도로 지하화 계획 내달 공개,JTBC
만취 운전 10대 가로수에 '쾅'..함께 탄 친구 2명 숨져,MBC
'한강 대학생' 친구의 '스페이스 그레이' 아이폰 수중수색,채널A
"러시아, 1회 접종 코로나19 백신 '스푸트니크 라이트' 승인",연합뉴스
'MB 재산 환수' 논현동 사저 공매 처분..최저가 111억원,뉴시스
"[오늘 이 뉴스] ""작은 단서라도..""..'의혹 풀자' 나선 시민들",MBC
"AZ백신 맞은 후 뇌출혈 여경 '의식 회복'..""손으로 소통""",머니투데이
"""숨 못 쉬겠다"" 베이징 삼킨 황사, 내일 한반도 온다",SBS
치킨업체 남성 성기 비하 논란?..삭제 조치,뉴시스
"""믿고 뽑았는데 무주택 살다 쫓겨날 판""..40대 뿔났다",채널A
[단독] 빈 상자 앞에서 사진만 찍고..두 얼굴의 이사장,MBC
"진중권 ""유시민 발언, 비열한 음해이자 저열한 공격..절대 용서해선 안 돼""",아시아경제
"정은경 ""코로나, 예방접종으로 근절 불가..매년 발생할수도""",중앙일보
"[단독] 송영길 대표 ""부적격자 다 가기엔""..청와대에 전달",JTBC
"스푸트니크V, 백신효과 의심해서 미안해",디지털타임스
AZ백신 접종 의식불명 경기남부청 소속 여경 '의식 회복',뉴스1
노량진수산시장·롯데백화점서 감염..서울 최소 171명 확진(종합),뉴스1
"남동생이 낳은 아이 다섯명, 모두 친자식이 아니었다",머니투데이
"""온라인 논란 영상, 친구가 손정민씨 업고 기어갔을 가능성 낮아""[촉!]",헤럴드경제
'한강 대학생 사망' 현장 CCTV·블랙박스 다 뒤진다,더팩트
봉하마을 이어 대통령 만난 송영길..친문은 '부글부글',YTN
"남자도 여자도 아닌 '무성 모델' 올리, 英엘르 표지 모델 장식",뉴스1
"공수처 최종합격 수사관 2명 ""안 간다"" 임용 포기",채널A
"""엄마 아빠, 보고 싶었어"" ""나도""..1년 만에 잡아 본 손",SBS
알프스 얼음 녹자 모습 드러낸 '1918년 멈춰버린 시간',서울신문
'아홉 쌍둥이 출산' 아프리카 25세女..초음파 검사결과 봤더니 [박상용의 별난세계],한국경제
전문가가 본 한강 대학생 사망.. 범죄 의심할 만? 섣부른 판단?,한국일보
"[지금은 과학] 韓,세계 최고 세기 레이저 기록 세웠다..왜 중요할까",아이뉴스24
역삼동 주택가서 흉기 찔린 남녀..제3자 침입 흔적은 없어,JTBC
"""로그인·메시지 전송 오류""..카카오톡 또 2시간 '먹통'",KBS
300kg 쇳덩이에..또 스러진 20대 젊음,SBS
[단독] 꽉 막힌 출퇴근길 2시간이 30분에 '뻥'..어떤 사연이?,MBN
변기 뒤졌더니 웬 소고기 팩? 뜯어보니 '마약 한가득',SBS
피카소 걸작 '한국에서의 학살'.. 70년 만에 한국에 오다,세계일보
